{"cameraMode":{"drawMode":0,"name":"Shaded","section":"Shading Mode"},"sceneLighting":false,"audioPlay":false,"sceneViewState":{"showFog":true,"showMaterialUpdate":false,"showSkybox":false,"showFlares":true,"showImageEffects":true,"showParticleSystems":true},"in2DMode":false,"pivot":{"x":0.0000011920928955078126,"y":-0.5000056028366089,"z":0.0},"rotation":{"x":0.06113728508353233,"y":0.9383856058120728,"z":-0.2245730757713318,"w":0.2554636597633362},"size":64.27377319335938,"orthographic":false}