{"cameraMode":{"drawMode":0,"name":"Shaded","section":"Shading Mode"},"sceneLighting":true,"audioPlay":false,"sceneViewState":{"showFog":true,"showMaterialUpdate":false,"showSkybox":true,"showFlares":true,"showImageEffects":true,"showParticleSystems":true},"in2DMode":false,"pivot":{"x":53.824493408203128,"y":-74.39823150634766,"z":-25.95623016357422},"rotation":{"x":-0.1489282250404358,"y":-0.8498472571372986,"z":0.33188509941101076,"w":-0.3813558518886566},"size":166.25851440429688,"orthographic":false}